Entity,Code,Year,Geo Biomass Other - TWh,Solar Generation - TWh,Wind Generation - TWh,Hydro Generation - TWh
Africa,,1971,0.164,0,0,26.01339
Africa,,1972,0.165,0,0,29.633196
Africa,,1973,0.17,0,0,31.345707
Africa,,1974,0.175,0,0,35.667076
Africa,,1975,0.172,0,0,37.717968
Africa,,1976,0.185,0,0,41.797634
Africa,,1977,0.189,0,0,45.92877
Africa,,1978,0.195,0,0,46.306942
Africa,,1979,0.201,0,0,49.56523
